{
  "labels": [
    "glass",
    "metal",
    "organic",
    "paper",
    "plastic",
    "ewaste"
  ],
  "num_classes": 6,
  "img_size": 224,
  "checkpoint": "model_fp16.onnx",
  "quantized_checkpoint": null,
  "source_checkpoint": "student.pt",
  "epoch": 30,
  "train_metrics": {
    "loss": 0.022125546524630325,
    "class_loss": 0.021500343181859043,
    "caption_loss": 0.00208401082170185,
    "class_acc": 0.9897891963109354,
    "token_acc": 0.9993637413882319
  },
  "val_metrics": {
    "loss": 0.26622564785928265,
    "class_loss": 0.26235571111839545,
    "caption_loss": 0.012899790066325842,
    "class_acc": 0.9499381953028431,
    "token_acc": 0.9972358522943353
  },
  "test_metrics": {
    "loss": 0.27300229017480704,
    "class_loss": 0.2689320191246628,
    "caption_loss": 0.013567567675727192,
    "class_acc": 0.9460708782742681,
    "token_acc": 0.9971973638570933
  }
}