{
  "labels": [
    "glass",
    "metal",
    "organic",
    "paper",
    "plastic",
    "ewaste"
  ],
  "num_classes": 6,
  "img_size": 224,
  "checkpoint": "model_fp16.onnx",
  "quantized_checkpoint": null,
  "source_checkpoint": "student.pt",
  "epoch": 11,
  "train_metrics": {
    "loss": 0.13073189371875552,
    "class_loss": 0.12179512248572642,
    "caption_loss": 0.029789236513577608,
    "class_acc": 0.9379966239861666,
    "token_acc": 0.9867010813195198
  },
  "val_metrics": {
    "loss": 0.31714309566874144,
    "class_loss": 0.30005457603457436,
    "caption_loss": 0.05696173199058365,
    "class_acc": 0.8984342810053564,
    "token_acc": 0.9922733723529575
  },
  "test_metrics": {
    "loss": 0.3109881329035906,
    "class_loss": 0.28771604372788284,
    "caption_loss": 0.07757362600743127,
    "class_acc": 0.9084745762711864,
    "token_acc": 0.9532431494970517
  }
}